,VTM,,
Compound,20191022 126 VTM BLANK-r001,20191022 126 VTM BLANK-r002,20191022 126 VTM BLANK-r003
11.74_219.1744m/z,7974.812367,7970.200588,7927.850054
4.36_739.2846m/z,0,0,0
11.88_243.2065m/z,7345.863951,7399.879806,7324.335793
1.78_89.0597m/z,3001.567909,3085.799944,3069.916319
9.99_603.7045m/z,14314.8198,14592.31181,14363.00749
9.82_817.0044m/z,13114.55412,12932.04529,12804.08972
9.01_196.1090n,14393.19169,14375.71549,14267.10689
11.83_566.8884m/z,9081.084673,9392.303311,9301.933871
9.76_704.9345m/z,14011.38096,14219.05565,14029.42521
7.06_675.0340m/z,7975.839355,8181.640801,8059.203181
4.36_208.0936n,3346.21199,3314.203918,3439.533912
9.25_435.7416m/z,15576.05577,15237.31285,15306.93407
9.61_694.8969m/z,15647.84086,15123.52694,15434.66568
9.82_817.5007m/z,13380.28497,13060.25595,13693.05504
12.08_285.2317m/z,8894.219358,8718.994094,8813.60305
8.55_462.2841n,14747.49135,14577.79939,14361.37733
9.86_731.9456m/z,14571.89332,14332.28197,14514.27711
10.08_808.1591n,13562.29939,13257.68801,13279.67222
19.40_185.0427m/z,8607.528551,8814.498068,8625.547362
10.02_640.7249m/z,15117.41557,15365.14162,15002.6648
9.86_830.9987n,13000.45833,13169.32286,12659.91629
9.97_694.7516m/z,14231.97264,13774.75529,13940.91073
9.72_668.3933m/z,15372.35695,15726.2829,15456.53964
9.95_706.7559m/z,13937.28734,13867.21963,13865.79477
10.04_604.0434m/z,14959.33482,14937.70323,15003.66211
8.95_128.1054m/z,8848.207317,8706.111665,8842.996574
9.33_535.3057m/z,15599.88199,15933.19139,15658.77702
10.04_975.5677n,13225.52165,12982.48802,13293.68566
5.99_911.6486m/z,5568.695075,5645.41326,5662.985435
9.42_511.7763n,15890.88941,15860.16332,15773.95338
9.99_1068.6319m/z,11776.14536,11596.96434,11086.43065
9.50_508.8121m/z,15472.00406,15416.86917,15334.14457
7.14_206.8860m/z,11571.53157,11606.43565,11509.49383
9.38_464.7645m/z,15971.26842,15997.46531,16140.66405
10.02_716.7494n,13929.48885,13179.0844,13493.88517
6.08_792.2407m/z,12936.42741,13017.96659,12806.87775
11.63_270.1929m/z,16221.39878,16250.512,16144.394
9.31_224.1292m/z,9224.113902,9155.861655,9184.727642
7.63_464.2158m/z,14808.30744,15284.43325,14917.01014
9.16_382.2225m/z,16324.76903,16367.84145,16454.18034
9.01_140.1065m/z,16414.87604,16380.25052,16441.84792
10.09_841.1867m/z,13290.2378,13081.97856,12522.98363
8.85_394.2177m/z,16279.65571,16596.8733,16652.23883
11.90_334.2721n,15048.23649,15400.78717,15291.16959
12.26_230.2481m/z,8463.708707,8495.863802,8335.844779
10.04_803.8248m/z,14281.19592,14150.66696,13838.02039
10.09_845.1854n,12358.0024,12609.77659,13420.33714
9.69_727.9151m/z,16312.60457,16417.39366,16572.38411
9.39_524.8142m/z,16981.00555,16378.85916,16823.70807
10.04_746.1170n,13950.71075,14679.06844,13381.44078
9.60_352.1139n,86.41543124,75.90985679,64.75835577
9.17_490.2894m/z,13085.64762,12795.05332,12841.99906
9.05_375.2145m/z,16782.55703,16852.11593,16930.97725
17.39_604.7907m/z,9881.070737,10606.25373,9854.600371
9.43_600.3721m/z,16880.18565,16675.52354,16796.28109
10.08_788.1266n,12857.93523,12896.17442,12905.54645
6.00_1041.1873m/z,4597.802489,5005.996695,4854.727306
11.60_249.1847m/z,8594.018739,8770.814473,8429.821277
3.14_151.0631n,1102.903056,1141.649149,1143.054753
8.14_340.1737n,7193.177216,7050.917549,7160.969925
0.87_97.0287m/z,10179.39678,10459.68187,10546.8571
12.32_332.2942n,10303.69317,10464.84791,10293.86239
9.92_598.0271n,15567.71976,15634.85065,16052.43887
9.39_410.2337m/z,17238.50347,17102.45265,16956.71888
9.26_431.2506m/z,17128.4212,17028.35425,17194.99623
4.68_933.2716m/z,0,0,0
9.31_505.7758m/z,17186.60816,17141.0707,17241.03091
11.96_554.4030n,17056.76545,17390.92793,17182.18262
9.94_651.0675m/z,15259.79109,15315.3535,14791.03822
10.01_725.1119m/z,15604.55909,15577.1775,15151.12015
9.68_655.8921n,17265.6561,17350.05405,17429.64931
5.85_294.9391m/z,14556.47019,14869.54852,14684.98902
9.94_660.0641n,16521.08296,16568.69505,16130.34897
9.91_613.0380n,15182.81196,15272.54326,15728.39611
5.84_566.8884m/z,16284.84091,15761.26836,15911.94332
9.35_541.2710m/z,11986.96442,11920.92558,11625.89581
9.38_398.2454n,17559.70009,17420.82387,17027.42661
3.18_323.1578m/z,12740.58001,12797.50979,12726.54815
10.06_604.3800m/z,16570.47325,16927.63966,16642.42768
9.86_615.8636n,17919.19962,17431.28634,17349.67182
7.01_775.2409m/z,17672.63848,17505.91155,17720.14914
4.29_134.0944n,3704.042708,3667.513315,3626.223692
10.75_302.1973m/z,11297.4366,11239.61456,11261.2323
9.98_688.0897m/z,15707.29319,15601.53915,15905.57413
9.30_489.8049m/z,17721.07464,17617.25832,17460.33438
9.96_1013.5943m/z,13804.80844,13077.25024,13136.87151
9.97_220.1669n,5286.153625,5282.147378,5303.40878
9.94_625.7123m/z,16388.44351,16459.5351,16630.84871
9.38_251.1071n,16022.63826,16055.71575,15855.85607
5.99_481.0984m/z,10321.54711,9993.508645,10010.35689
9.61_412.7665m/z,17294.74309,17657.27644,17316.94889
11.19_234.1139n,11482.99607,11544.53289,11336.24302
10.11_983.5829m/z,15280.31028,15978.88937,15565.53111
0.86_198.0978m/z,12886.81122,12499.69894,12930.81914
5.87_826.9689m/z,13970.78248,14048.30788,14098.25239
6.99_753.7608m/z,11371.20549,11241.77921,11523.83187
9.19_458.3847n,12728.29806,13454.54106,13007.3055
9.90_383.2288n,13446.72596,13244.44951,13049.88772
9.74_1054.6283m/z,14600.63836,14787.10274,14184.25468
9.76_715.9261m/z,18181.67083,18077.90245,18437.55096
9.95_712.4271m/z,16777.48179,16918.74209,16586.54775
6.11_867.3260m/z,4474.404727,4527.870216,4528.702607
9.28_848.4882m/z,17665.55965,17631.2958,17984.58572
10.04_761.8007m/z,16846.83475,16814.39232,16363.75141
10.06_807.8176n,15552.56073,15817.68834,15248.5151
9.96_690.9298m/z,17238.28292,16717.12887,17438.56495
7.04_867.1271m/z,12315.55212,12597.81028,12565.01669
9.70_716.4213m/z,18190.72989,18254.35323,18525.79599
5.98_979.1342m/z,6465.477397,6554.499311,6438.447268
9.92_597.6933n,17153.04392,17208.32913,17436.12405
8.74_656.3619m/z,18684.81161,19174.9293,18666.5441
5.94_753.0477m/z,9935.029627,10041.1877,9589.455582
11.69_311.2027m/z,9134.695849,8948.113783,8766.609634
4.68_792.2406m/z,0,0,0
8.65_631.3582n,19033.06338,19295.36344,19114.05722
9.65_483.2783m/z,19300.87326,18950.64501,19558.31476
9.44_493.7928m/z,19238.54538,19371.27827,19380.72088
12.37_244.2639m/z,10869.08568,10833.41408,10607.20485
9.80_523.8346m/z,18431.13887,18160.65088,18659.6537
9.59_510.3196m/z,19032.33589,18937.06513,19132.06147
8.23_169.0871m/z,19203.41724,19714.22276,19440.73897
9.06_363.7180n,18996.6063,18567.77366,19031.81495
9.94_634.7143n,17381.75038,17563.18423,17959.2288
9.97_697.0883n,18151.1392,17731.00697,18118.40953
8.64_307.1156m/z,19621.69467,19680.85974,19605.13058
9.76_742.9344m/z,19023.5182,18944.36641,18871.44218
10.07_798.1472n,15504.59406,15846.4562,15952.69665
8.10_192.1362n,8480.907457,8409.077467,8273.367891
9.81_550.3469m/z,19114.99761,18808.323,19141.61413
1.88_115.0367m/z,20403.60211,19665.6735,19117.09
8.17_344.3222m/z,6114.233185,6026.215057,5989.0518
10.18_767.1715n,14473.84104,13739.5718,13238.27126
9.55_557.3320m/z,19899.23274,19745.99664,19850.20407
10.03_753.7716n,16904.14384,17096.26818,15757.89578
10.03_679.7315n,16309.56913,16698.72719,16923.82939
9.77_253.1414m/z,10167.55578,10225.18139,10415.96128
11.72_613.2820m/z,4188.66348,4548.337283,4439.982113
6.09_640.7198m/z,4957.942355,4839.076016,4980.202706
10.00_721.0768n,16816.58857,16679.49074,16419.59494
4.74_967.2650m/z,0,0,0
9.52_713.4479m/z,20119.3751,20480.10287,19769.6974
3.73_126.0533m/z,17303.52121,17325.33918,17163.95378
9.82_846.9932m/z,17932.88471,17922.29062,18499.45022
9.24_544.3457m/z,20347.86509,20396.32187,20441.78575
10.10_906.5379m/z,17842.30828,17988.38623,17045.69595
9.95_692.7597m/z,17679.05561,17609.11262,17239.3232
9.44_561.3119m/z,20410.05609,20739.66186,20538.92089
2.73_161.0241m/z,8810.582998,8926.88377,9369.62281
11.60_323.2445m/z,7107.865465,7008.609132,7026.745596
9.71_782.9485m/z,19817.38554,19588.12572,19503.48154
9.93_647.0321n,18468.07646,18406.1626,18175.41508
8.74_208.1057m/z,20670.7735,20738.52033,20692.45971
9.42_583.8287m/z,20781.53066,20600.03754,20755.56225
11.53_296.2220m/z,12289.69997,12238.6403,12265.39183
9.93_655.7372m/z,17670.76498,17863.25616,17669.87101
9.87_902.0253m/z,16244.48819,16499.2824,16412.58365
11.24_270.1473n,9155.025848,8925.74271,9087.873119
9.44_433.7704m/z,20613.27654,20484.56589,20248.85055
2.60_115.0369m/z,21049.61345,21097.36685,21261.50939
3.34_305.1487m/z,21400.76125,21012.20349,21052.42826
6.43_238.1417n,2203.802048,2314.547498,2351.727333
11.27_459.2497m/z,16055.31957,16136.48064,16014.59975
8.60_251.1314m/z,19274.80184,19295.99558,19298.55775
8.65_541.2993m/z,21698.55363,21400.2558,21170.79931
7.88_183.0999m/z,18192.85345,17849.58189,17675.6738
9.38_409.7395m/z,21880.50987,21751.38807,21283.05074
6.09_770.7601m/z,5628.540195,5777.603411,5732.824589
9.76_764.4513m/z,20141.41032,20078.73676,20476.66553
9.91_581.0274m/z,19195.06826,19466.20976,19103.94764
11.58_458.2652n,20994.31099,20850.54248,20685.53187
9.82_819.4853m/z,19410.55719,19335.60145,19123.31337
8.97_455.2603m/z,21873.37265,21966.7717,21973.10426
10.05_766.1389m/z,19457.88471,19766.26999,18834.14621
6.10_889.3079m/z,5706.774021,5627.919186,5642.312493
1.67_269.0885m/z,2609.241174,2699.452461,2754.997059
16.83_156.0773m/z,2658.216917,2630.908576,2666.28275
8.07_545.2936m/z,19433.98581,19687.43005,19320.33669
9.04_267.1229m/z,18070.04238,18097.61509,17827.48717
11.60_317.1634m/z,10609.37682,10606.24051,10665.90267
9.96_684.0551n,18806.90762,19039.87866,19282.34344
17.50_130.9651m/z,12411.89914,12961.35289,12881.24605
12.47_214.2531m/z,14401.78435,14347.82139,14504.17289
9.97_662.7339m/z,20017.69994,20215.84873,20284.98109
9.13_729.3249m/z,8629.888057,8448.687612,8329.241593
11.95_510.3771n,22597.22183,22843.18858,22511.6507
10.39_204.1234m/z,452.025535,505.8629458,369.5737081
10.04_780.4655m/z,20476.35885,20409.91289,20458.578
9.70_706.4351m/z,22264.57736,22501.63623,22395.53934
11.94_184.1577n,10645.36787,10586.12533,10607.60958
6.10_878.3169m/z,5305.307703,5342.28906,5410.04242
9.83_361.2149n,16300.8174,16579.77244,16344.23151
19.25_167.0565m/z,11028.06824,11289.80494,10925.68862
11.86_129.1024m/z,14000.7023,13762.93786,13445.90689
9.73_468.3005m/z,22214.72164,21934.03019,22743.1034
5.98_747.6147m/z,10024.64015,9748.62546,9987.997941
9.75_357.2365m/z,15986.01211,16025.48642,16087.82574
10.01_724.7786m/z,20980.55768,21289.3294,20117.15344
9.38_1003.5828m/z,18690.27783,18675.29449,18760.81716
8.70_370.3182n,16536.75935,14989.85234,16191.16201
9.22_795.4632m/z,22026.44834,22537.61496,22228.89195
9.68_564.8473n,23522.17673,23598.33665,23708.24699
1.55_154.0744n,23557.18328,23675.79906,23639.29952
0.87_85.0285m/z,14016.49795,14121.63636,14495.1893
12.10_271.2349m/z,13215.95919,13225.21315,13086.03817
7.90_663.2217m/z,20202.14338,20332.37136,20481.98983
2.55_184.0581m/z,21664.64843,21413.50251,21573.07127
10.03_765.7963n,20146.95428,18534.22814,19429.00653
9.67_317.1882n,16872.97862,16631.62774,16917.38076
9.24_311.1486m/z,12089.96423,12045.47973,12115.30038
9.61_449.7604n,24434.27387,24004.69828,24625.79876
5.84_498.9012m/z,21893.16717,22113.92064,22156.49776
10.04_713.7534n,21716.80147,21670.71636,21834.75309
0.86_307.1028m/z,14587.63437,14779.4642,15024.03938
9.51_453.7791n,24522.35809,24502.31138,24690.22952
9.82_760.4605m/z,21765.21986,21606.37987,21537.1932
2.41_147.1265m/z,21138.72989,21496.40407,22086.56639
9.81_539.3265m/z,23996.34299,23920.74605,24185.92979
5.92_719.0540m/z,13117.48467,13374.40849,13077.39804
6.02_973.7026m/z,7108.547314,7195.276273,6861.322607
11.02_274.1784n,6955.808976,6827.494695,6612.828037
8.42_365.2317n,23957.81835,23509.95751,23196.75318
6.00_877.6548m/z,8791.644001,8729.497614,8700.72337
9.83_745.9461n,24249.50865,23532.03371,24181.85479
9.55_549.3271m/z,25358.25628,25438.25895,25760.95311
7.07_400.9777m/z,13753.44515,13981.25414,13770.32197
10.33_245.1263m/z,4093.784941,3952.724887,3925.240865
9.37_486.7840m/z,25749.29591,25669.6669,25803.25544
9.63_604.8589m/z,25791.05527,25957.02933,25735.22324
9.70_659.8907m/z,25985.41036,25576.44025,26079.4197
9.86_579.3672m/z,24298.47294,24252.90463,24528.92117
9.94_635.0485n,22980.99486,23381.34798,22968.06527
6.09_1041.3292m/z,12481.18702,12201.35393,12584.51713
9.92_600.6816n,21455.9411,22120.00399,22519.34715
10.03_761.1067n,22458.60886,21962.46742,22216.22311
6.18_845.3438m/z,26215.33517,26273.29943,25883.28307
11.94_484.3848m/z,26086.23419,26351.64387,26040.49049
8.99_453.2105m/z,7807.010491,7817.140186,8007.358676
9.24_441.7491m/z,26575.86178,26318.43692,26076.72924
12.43_353.2664m/z,16312.01239,16329.98718,15888.95333
9.67_657.8849m/z,26411.18061,26406.19666,26653.46727
4.68_1064.3135m/z,0,0,0
5.96_849.0942m/z,12184.96469,11889.92803,11788.43336
10.01_709.0919n,22899.968,23618.59462,23165.43275
9.71_600.3709m/z,25580.57904,25189.18096,25628.81259
9.69_329.1585m/z,9391.64583,9557.40229,9663.30118
18.89_196.9545m/z,16664.18976,16884.58533,16983.70167
10.02_250.1782n,2577.515238,2341.162,2357.818019
9.74_619.8759n,26766.75346,26854.85926,27382.35269
7.07_482.9408m/z,12659.07578,12827.74496,12775.72022
10.03_729.1162m/z,23620.17487,23531.11957,23546.78708
10.04_771.1360n,23949.90016,23552.54887,23733.01536
9.61_601.8693m/z,27246.9146,27504.18914,27197.99459
9.37_375.7321n,26255.34527,26097.73163,25990.84839
9.76_738.9456n,25321.37756,25381.96648,26115.01511
9.62_515.8201m/z,26778.34261,27094.4907,26911.71883
7.90_106.0866m/z,147.0283175,148.8931512,72.34822016
2.83_210.0989n,27988.9171,27543.22268,28033.46878
9.70_705.9364m/z,26765.5213,26632.21213,26745.86194
11.71_722.4221n,28207.56335,28340.82469,28366.16494
9.63_631.3636m/z,28571.6647,28425.80877,27971.84983
9.91_660.9083n,25080.08374,26212.55605,25594.53381
14.28_700.2339m/z,0,0,0
7.03_829.1712m/z,20898.97162,20744.3618,20660.10427
9.81_823.9833n,25471.16918,24452.43876,25136.50918
5.99_945.1400m/z,9606.470351,9667.184354,9340.901686
9.31_437.7562m/z,28203.22004,28818.89219,28807.04972
9.97_734.0796n,24681.83011,25783.69284,26198.74714
7.49_132.0774m/z,19728.2247,19821.45212,19768.91498
3.24_134.0944n,5366.187278,5419.360105,5560.348375
8.14_515.2835m/z,29068.50817,28839.0377,28531.69839
9.94_618.0493m/z,25070.86818,25225.51269,25137.22145
6.93_853.8319m/z,24178.47821,24581.01606,24113.01797
5.98_713.6210m/z,12123.78151,12084.81528,11571.7803
11.94_422.2943n,28817.44921,29284.9737,29222.39227
18.20_183.0497m/z,19627.16631,19899.97923,19507.96763
11.82_443.2877m/z,21783.2638,22024.72141,22052.12122
10.01_692.0941m/z,25420.49106,25714.64591,24962.13104
5.95_951.0747m/z,15474.26063,15463.7091,15257.40047
9.82_768.4714m/z,27207.30134,27390.75042,27632.64637
6.09_651.2098m/z,15228.60045,15469.21656,15264.26795
9.99_672.0696n,26023.72991,26541.72008,26006.411
9.43_404.7525m/z,28774.19074,28503.37486,28445.66256
9.96_737.9503n,28061.63205,27071.68317,28081.52871
10.10_895.5277m/z,24846.50723,25372.94891,22626.33975
9.98_655.0718m/z,25748.52012,26539.85753,25940.4954
9.51_671.3881m/z,30414.56248,29779.26861,30638.62259
9.91_612.7055n,27799.08126,27279.69621,28231.9579
9.38_497.2815m/z,31132.05101,30587.72767,30945.2537
6.10_759.7692m/z,6504.36454,6405.044612,6375.722823
9.73_504.7967n,31224.46,30901.77068,31111.73962
2.20_84.0446m/z,27749.35608,27625.4342,27924.91936
11.62_288.1812m/z,15135.00425,15183.34928,15106.72366
9.77_761.4682m/z,28820.72626,28608.90818,28633.07566
9.39_654.4044n,31479.9083,31130.26775,31280.36658
9.27_837.4989n,31168.0482,31351.4825,30702.73523
10.08_921.5416m/z,26860.46399,26502.03516,26914.96356
9.82_796.9576n,28786.8494,29508.70177,28758.61497
10.03_676.7379n,28644.73127,28723.74684,28636.07234
9.76_712.9423m/z,30904.91671,30223.63226,31507.36624
9.51_454.2859m/z,30622.78535,30537.51694,30183.49214
9.03_573.3522n,31764.39814,31812.17667,32078.95528
5.79_430.9140m/z,25559.05489,25673.31245,25949.75044
9.86_558.6570n,27807.17025,28147.87687,28103.6204
7.05_299.0442m/z,28880.54234,29035.45675,28480.25945
9.93_625.3762m/z,29193.65973,29614.32864,29500.9035
9.98_686.7497n,28274.2083,28692.62805,28162.46351
1.67_137.0464m/z,3696.115618,3865.754969,3867.499494
5.95_685.0604m/z,17694.41975,17411.8034,17357.09191
9.22_741.4531m/z,32157.28027,32164.90704,32256.80346
13.45_369.3876m/z,1055.446322,1073.981446,1080.414717
4.27_952.3947n,0,0,0
9.80_594.3494m/z,32423.47276,33212.20905,33023.1682
9.55_548.8232m/z,33234.19446,33197.47049,32975.75743
2.07_166.0536m/z,8831.040541,8801.892659,8728.290266
9.06_402.2218m/z,33194.65859,33345.33805,33562.62622
9.41_615.8524m/z,33854.8462,33071.00795,33308.621
6.89_1091.9299m/z,28892.98183,29117.19318,28607.78256
11.93_378.2986n,33836.43704,33886.76499,34017.84385
11.86_290.2454n,20102.58297,20175.27764,20272.59196
9.71_735.9253m/z,34249.27437,33817.90314,34020.35486
9.92_581.3589m/z,32761.5337,32099.61227,32842.97295
9.70_354.0570n,33801.67349,33966.10398,34305.30999
9.44_493.2892m/z,34234.39107,34166.93107,34252.70912
9.94_649.7278n,30262.05929,30587.58247,30441.33781
9.45_329.1574m/z,13822.27836,13443.20245,13514.5653
9.74_621.3797m/z,33177.05049,32991.55211,32989.17391
5.90_758.9817m/z,25762.27138,25614.73312,25303.26427
9.82_798.4678m/z,31711.43619,31616.29593,32407.73707
9.14_586.3594m/z,35817.3191,35762.41689,35726.18319
6.97_991.8591m/z,23071.6226,23249.08105,23028.462
5.94_651.0669m/z,20502.77583,20261.28549,20060.00374
9.19_497.2388m/z,25948.05417,25940.0362,26520.3623
6.10_629.7289m/z,6100.9115,6151.767821,6117.750707
12.22_318.2784n,21489.6881,21238.31185,21672.85179
6.11_618.7379m/z,6725.189073,6780.263789,6864.246164
9.60_486.7986n,36397.5529,35146.35096,36022.72176
9.62_604.3577m/z,35748.19778,36067.62604,36238.20379
9.16_449.7418m/z,36775.74177,36727.23513,36639.14273
0.81_258.0761n,24287.98876,24445.0929,24874.91745
6.98_872.8100m/z,22995.01776,23165.18956,23053.75936
9.32_199.1309m/z,37474.93622,36856.6567,36615.44954
8.69_409.1844m/z,10061.16364,9923.945408,9931.469853
6.09_510.1783m/z,7736.808062,7846.151049,8077.830869
9.97_662.4023m/z,33528.08334,33409.45145,34036.81541
9.82_589.3523m/z,36336.08889,36147.17571,36464.04326
19.44_143.0327m/z,22708.43043,22509.34349,22644.60447
8.22_192.1361n,18184.43112,17621.8249,17698.63337
6.03_905.7151m/z,10002.24272,10043.27061,9853.915026
9.65_920.5670n,33069.55868,33191.01138,32533.07656
5.84_90.9766m/z,32004.74874,32354.16917,31934.14178
17.38_344.8755m/z,21271.11417,22504.63585,21760.16428
3.63_283.0928n,14640.31963,15061.64457,15090.86962
8.36_144.0935n,11845.5234,11804.69102,11539.57452
10.10_836.4976m/z,32293.12553,33520.25986,32656.91817
9.55_624.8570m/z,38310.56372,37973.35632,38082.10641
9.87_899.5337m/z,31732.88705,31329.34428,30493.86967
9.07_737.4201m/z,38276.27297,38005.93898,38611.80595
9.54_416.7503m/z,38726.34385,38828.90663,38571.22215
3.33_337.1059m/z,22116.88145,22355.45477,21333.17193
10.85_270.1569m/z,39146.26119,38599.46511,38748.76357
9.53_545.8313m/z,39241.88682,38549.14803,39289.99171
10.01_728.7746n,33361.41807,33005.47521,33348.86551
9.71_505.2927n,38959.83679,38322.00935,38957.63727
6.91_972.8811m/z,33585.10608,33717.75825,33301.70596
9.26_430.7490m/z,39514.2187,39427.33505,39640.54743
9.81_768.9613m/z,36844.99877,36586.14115,37289.66955
7.21_122.9248m/z,33373.64817,33518.82947,33422.82242
5.96_617.0731m/z,22609.01802,22711.34968,21945.70581
10.05_893.5251m/z,32921.43075,32449.6453,32225.40576
11.92_157.1338m/z,21399.4576,21448.69794,21017.79409
9.39_495.7947n,40482.38317,40061.43775,40083.02593
9.70_649.3985m/z,38997.65003,38636.80158,38491.66859
9.42_490.2993m/z,40274.27487,40507.31485,39904.29928
9.51_465.2711m/z,40437.98483,40189.58151,40103.47714
9.44_349.2175n,40332.67156,40645.31785,40585.45903
9.64_545.3385m/z,40253.25832,39641.14979,40853.41957
8.86_626.3518m/z,40383.91741,40970.13479,40632.19989
9.71_687.4019m/z,40302.73437,39587.00488,39850.93648
7.49_170.0332m/z,28938.51976,29095.51526,28847.18818
9.56_502.8000n,41975.3756,41337.83284,41460.39577
5.95_549.0858m/z,24167.82154,24353.40003,24171.92558
5.96_583.0794m/z,24085.81064,24050.52186,23660.51686
9.60_671.8808m/z,41744.72861,41921.95933,42593.35346
2.79_242.0789n,16320.59531,16364.10227,16725.02813
9.86_639.3871m/z,40289.3646,40636.38597,40306.58307
7.04_593.0715m/z,30626.07319,31321.48513,30712.86017
9.94_618.3814m/z,38571.35127,38594.80503,38698.07608
9.38_427.2656m/z,42343.99522,42398.41704,41959.37205
6.09_770.2588m/z,11039.91247,11224.22733,10966.1377
9.26_419.2524n,41353.23445,41429.63763,41362.15383
9.63_631.8686m/z,43649.28381,42594.71021,42884.28113
11.48_138.0915m/z,43498.40687,42976.16046,42948.27758
9.55_405.2547n,42498.08313,42378.66439,42282.16088
9.97_964.5661m/z,35211.05287,35974.44375,35959.59737
9.02_684.3975m/z,42318.28481,41636.90296,42283.06014
9.44_482.8000m/z,43282.46379,42500.24357,43136.87723
6.07_673.6928m/z,12267.52782,12270.2332,12044.52963
9.94_782.4620m/z,40298.105,40235.63498,40039.3827
9.43_560.8115m/z,45251.33263,44392.68278,44631.30271
9.76_790.9575m/z,42420.77214,41968.4128,43640.80093
9.63_593.8675m/z,43192.39955,42874.50172,43135.43538
5.97_781.1072m/z,21128.96523,21317.72219,20370.42171
9.06_749.4207m/z,45443.86749,45517.9079,46356.70333
12.21_274.2509n,27229.80032,27488.75496,27204.28795
9.90_957.5640m/z,37795.1463,38579.4566,37850.32742
9.55_538.3335m/z,44890.86565,44675.21027,44308.7501
10.96_118.1230m/z,53.1873548,98.64312363,66.34550907
9.62_629.8561n,46248.74007,45919.5959,46072.00713
9.92_909.5344m/z,37670.69214,38285.51324,36839.93389
6.09_640.2185m/z,11080.11865,11197.48916,11213.81553
11.72_346.2233m/z,23320.6389,23078.28565,23190.02346
9.37_486.2832m/z,47468.5354,46728.84993,46912.45248
5.85_362.9266m/z,40031.18206,40477.46723,39923.65077
6.88_1091.4286m/z,40365.12417,40927.10974,40366.22565
11.82_770.8503m/z,26976.03443,27751.32084,27421.74878
11.69_678.3963n,47545.73354,47777.75915,47440.47367
8.65_216.0985n,22251.81772,22195.65058,22251.69813
10.12_924.5192n,39451.57281,39480.8433,38687.92713
6.94_853.3305m/z,40400.6206,41056.6875,40184.07858
10.11_934.5516m/z,40653.07086,39771.77068,36923.86692
12.27_304.2840m/z,26330.15916,26404.64733,26341.78372
9.83_807.4841n,43757.10124,42485.68538,43523.13588
11.27_414.2055n,35563.12015,35177.5508,35283.68683
9.21_684.4188n,46062.15997,46227.27636,45573.52755
10.00_716.4262n,43558.89071,43953.80115,44150.97274
9.80_571.8540n,48167.90615,49087.32706,48966.08823
10.10_887.5239m/z,40938.80188,40143.39569,41313.20061
9.70_685.8902n,48778.45296,49243.5358,49683.09899
6.52_834.8542m/z,47582.8203,48527.98413,47814.92478
9.31_505.2788m/z,49384.20926,49467.54172,49138.83666
11.96_199.1748m/z,27802.53498,27733.24286,27412.33134
6.11_748.7783m/z,9232.188498,9656.940703,9699.644362
4.68_299.0628m/z,50688.80751,50177.27372,50417.34462
14.40_536.1653m/z,0,0,0
9.91_613.3790m/z,46681.00718,46948.93677,47491.73415
5.98_515.0923m/z,28769.40131,29304.06354,28843.7571
1.20_170.1063n,52062.81399,51175.01696,50532.07988
2.33_170.0431m/z,20370.63059,20261.72835,21266.79801
10.09_883.5231m/z,42551.2558,41663.2074,41572.58416
9.03_630.3857m/z,51168.38092,51517.9474,51799.15176
9.65_438.7723n,51094.24327,50347.22085,50780.55814
9.64_679.8894m/z,51769.8904,51260.49566,52136.77946
10.46_118.0282n,51832.37611,52138.52529,51499.65791
9.29_521.2862m/z,50663.48493,49160.52053,38583.98732
3.18_161.0241m/z,32524.48119,32833.56967,32594.57157
9.89_646.3807m/z,50650.05384,50249.25776,49951.50569
9.72_719.4272m/z,49398.69026,49853.53673,49588.77607
10.08_927.5489m/z,43910.73964,43116.76446,42498.29747
9.26_171.1047m/z,23353.91666,23373.96762,22846.2659
9.86_576.3511m/z,49958.50423,49514.33613,49824.29859
6.10_1019.3478m/z,13600.05331,13791.79943,13807.11773
9.86_902.5283m/z,44908.04262,45143.95056,45153.34689
9.39_602.3660m/z,53569.21879,53655.37119,53772.78009
9.25_457.7530m/z,54103.07263,54185.67767,54388.70665
3.94_134.0944n,8415.297248,8130.666505,8267.181377
9.26_869.5243n,46443.76013,46720.70923,46668.72364
8.17_365.1580m/z,13779.20782,13738.59202,13665.26806
11.74_329.1761m/z,33561.67252,33174.19409,33288.05636
11.70_323.1977m/z,8945.465478,8914.042434,9172.214942
0.81_130.0507m/z,19415.16205,19241.18895,20420.51664
9.73_631.3704n,52840.02895,52748.56255,53261.1444
9.55_597.3513m/z,56440.80878,55673.74003,56166.32074
9.06_363.2165n,56099.57691,56307.46137,57749.08729
9.77_751.9547n,53842.44145,54557.14989,55044.69743
6.91_972.3798m/z,49588.61073,50013.27327,50047.42421
13.16_376.2981m/z,33241.18015,33978.85175,33958.246
5.82_158.9642m/z,49834.65706,50225.39299,49925.558
13.12_123.0813m/z,36661.02344,36348.24825,36142.70471
6.21_964.8944m/z,58430.37574,59607.47628,58646.60696
10.18_308.2202n,10721.22389,10893.38419,10136.50337
6.06_837.2253m/z,15875.46802,15565.37843,15583.16685
9.44_518.7910n,60399.62895,59141.97946,58787.0139
0.86_289.0923m/z,36533.44301,36916.64401,36942.47855
6.01_447.1047m/z,32206.71315,32548.31886,32282.49062
5.91_690.9945m/z,44657.71005,44894.42551,44019.67251
9.98_637.3711n,53836.42082,53590.4354,53623.14217
10.06_823.4897m/z,53485.34156,53454.18532,53087.99882
1.09_315.0805m/z,51442.57799,52344.51911,52512.30643
10.09_868.5102m/z,51942.76003,50684.5758,50279.79996
6.98_872.3087m/z,37576.3284,38928.79381,38222.83418
10.10_914.5418m/z,52232.92693,50943.6551,49810.86732
9.71_647.8929n,59503.6469,59216.9535,59357.9512
10.92_274.1786n,17619.4951,17638.76289,17671.67298
9.94_665.3926m/z,58810.99699,58656.14272,58733.90132
10.10_879.5224m/z,52366.46826,50273.59225,50734.07144
9.56_809.5019n,59440.62015,59231.03963,59108.49157
13.55_444.1129n,0,0,0
5.29_351.1837n,6705.189221,6844.307701,6566.108979
8.46_111.1171m/z,63808.17014,63208.851,63715.86927
9.71_696.9205n,61784.18659,61988.97871,62010.70121
10.02_795.4767m/z,56485.41682,56439.41774,56183.50623
6.08_662.2006m/z,21465.10827,21447.04839,21107.48341
9.79_583.3480m/z,65190.88072,65406.73593,65318.07265
6.00_1007.1932m/z,22590.08336,22567.81648,22107.65613
11.39_294.9390m/z,36100.79487,36482.81373,36016.37506
9.64_449.2631n,65054.71229,64516.44866,65202.54618
5.92_883.0876m/z,37315.06195,37227.04072,36247.89517
3.81_239.1454m/z,21750.90115,21180.96759,20850.3558
9.86_626.8847n,64558.00247,65820.76467,65393.43259
11.67_634.3693n,66959.08404,66828.72189,66935.44154
11.84_634.8766m/z,40193.97904,41220.52945,40478.48343
9.74_713.4294m/z,62863.3629,62263.45605,62272.23835
7.02_791.2157m/z,46974.88464,47639.801,47012.63103
1.20_85.0533n,68787.79151,67335.96054,66208.76328
9.72_494.3047n,67260.37817,66660.81163,67711.65631
6.07_1063.3123m/z,37699.97972,38005.8684,38440.21032
2.20_102.0552m/z,64520.91248,64590.43079,65383.27187
8.75_572.3438m/z,63224.29293,63125.33641,62902.81333
11.61_502.2919n,68404.98429,68694.69862,68231.03665
2.64_198.1375n,33571.16656,32607.04191,32543.05974
5.98_713.1197m/z,32638.44736,32338.97233,32246.03957
9.63_593.3658m/z,67850.82312,67605.41985,67860.56397
9.55_537.8327m/z,69302.49935,69242.45728,69106.3584
0.87_127.0395m/z,42143.84733,43167.35314,43565.03823
9.49_567.8140n,72636.11323,71520.13931,72035.643
9.56_574.8226n,72722.39924,72442.78915,72618.85635
9.44_482.2996m/z,70445.37459,70584.33437,70262.70276
9.86_628.3937m/z,69271.99381,68766.59857,69914.6724
10.01_635.3808n,70052.73887,69669.41344,69997.43255
9.78_838.4924m/z,64229.23529,64045.74472,64610.52986
11.85_838.8375m/z,42244.45233,42953.82469,42811.39165
9.38_426.7651m/z,73894.62551,73011.32691,73126.98355
9.37_513.2885m/z,76710.58606,76689.65941,76162.77706
9.94_649.3891n,69526.95358,71377.11697,70219.77459
16.91_966.0463m/z,39074.34097,39155.37244,38129.53316
5.29_226.1689n,701.2730964,678.8421509,870.6647614
9.38_474.7862n,77333.08492,76470.63907,76713.5496
9.71_675.4067m/z,71616.78538,71876.57877,72059.28716
9.55_624.3579m/z,78194.21174,77911.92416,77862.14451
9.76_704.4300m/z,73227.59893,73032.91032,73571.98917
10.85_214.1306m/z,79253.36284,78754.5389,77663.05037
9.60_250.1782n,25577.93561,25228.29663,25153.95016
11.65_590.3435n,78750.8442,79270.79495,79423.34589
0.86_145.0499m/z,46730.07777,47569.00563,47709.15797
11.71_350.0928n,45366.70624,45010.05459,44798.33632
13.16_674.6690n,41996.92994,41902.57341,42104.27013
6.12_618.2366m/z,16050.87637,15880.8923,15856.61292
6.10_629.2276m/z,14155.01578,14011.65766,13863.61249
10.81_202.1809m/z,82856.79722,82093.96551,82033.23463
6.53_834.3528m/z,81047.15626,81182.97049,80607.72796
11.64_546.3180n,83357.26109,83522.18691,83252.95226
8.46_146.1288n,83681.18969,83662.47569,84521.83681
10.03_761.4595m/z,74960.51335,75458.69822,74578.01916
1.69_633.1869m/z,13650.43639,13753.09021,13622.66028
9.55_585.8534n,84477.72335,83765.08027,84127.44322
6.13_737.7875m/z,26414.99978,26576.1402,26425.56834
11.71_149.0237m/z,25160.36874,24692.67184,24816.47591
8.77_271.1159m/z,50133.87553,50223.38583,49626.53126
0.86_162.0534n,54829.95501,55447.83179,55888.87331
7.07_317.0164m/z,54758.97054,55047.4311,54825.46198
10.03_776.4622m/z,78681.28321,78984.76794,78623.40589
9.04_704.3865n,87565.76386,87911.17832,87907.96724
9.64_641.3866n,87865.71831,86613.20045,86908.42744
0.80_293.0987m/z,57321.53309,58963.4018,59709.25837
6.21_964.3931m/z,91244.86157,92245.40277,90971.78595
9.94_693.4164m/z,86564.29021,86423.39108,85338.53117
9.87_853.5035m/z,81921.78557,79430.87637,79616.82846
9.94_707.4224m/z,87197.00207,87769.81654,87050.02164
9.64_438.2716n,93689.40292,92548.14871,93661.97454
12.17_331.2177n,11990.36576,12287.65468,12245.68456
9.55_404.7522n,93521.93142,92766.24812,93567.59035
9.73_515.8186n,95479.89497,94377.16906,95126.95717
6.11_748.2769m/z,18159.40431,18190.17152,18442.75758
9.04_758.4558n,88768.9829,89383.54777,89782.33763
10.87_113.0592n,84829.40232,84109.16715,84202.27695
9.64_640.8871n,96339.37165,96000.75095,96849.24759
9.55_586.3609m/z,93192.93471,92541.39589,93465.30792
19.44_161.0239m/z,50535.81398,51468.92526,51100.50982
6.24_1083.9436m/z,99505.27326,100056.6928,98883.20274
7.72_299.0448m/z,42982.50905,44212.4725,43691.73245
11.43_130.1590m/z,55002.9434,54939.87761,54808.43318
9.47_569.3195m/z,103789.3895,102790.7204,103546.3142
9.98_669.3885n,90979.62078,92331.29769,91381.83623
11.85_702.8629m/z,57854.25363,59253.41251,58781.00015
11.35_226.9520m/z,59365.23493,60180.25559,58977.60972
10.09_810.4859m/z,91361.46992,91684.77515,90844.59001
10.03_729.4408m/z,95409.87115,95172.84075,96328.85037
17.32_157.0852n,14872.92056,14224.52373,14014.46739
7.89_132.1037m/z,16893.75303,16840.57597,16511.31964
9.17_670.2645n,31298.42561,30803.76088,30907.29414
7.07_398.9800m/z,59077.98375,59474.99371,59634.95914
7.03_552.1102n,93852.32988,94119.5446,94103.5564
9.49_530.3157n,110956.2509,110316.8046,110181.9082
6.54_1072.9525m/z,108060.1857,109030.4764,107836.605
10.00_816.4853m/z,97755.3425,99288.85664,97541.4799
1.94_161.0241m/z,13081.03739,12728.45753,12738.69321
10.02_872.5270m/z,98816.16208,99138.91728,96038.5068
8.28_559.3102m/z,121433.0813,121046.2043,120409.236
7.42_282.1689n,53848.23426,51413.82799,50393.81181
9.70_210.0897n,29123.50472,28357.40333,29457.50858
7.94_647.2478m/z,30048.34464,29715.44676,29671.84417
9.45_698.4342n,134802.514,134629.1909,134265.1149
6.52_953.9037m/z,132281.9523,132641.3106,132079.9649
6.24_1083.4422m/z,136738.9809,137865.2206,136076.3241
7.04_591.0745m/z,100933.2992,100617.8759,100025.0127
15.49_610.1846m/z,0,0,0
12.20_254.1617m/z,139174.107,139847.0833,139025.5139
12.46_269.2592m/z,69043.78521,68889.29396,68038.62244
5.29_136.0738m/z,17743.59156,17610.81641,18057.8437
9.24_396.7374n,137558.88,136311.9988,136672.7019
8.26_504.2949n,143934.0141,142605.6148,142524.1637
8.74_670.3789m/z,142828.0416,143522.8203,144684.9364
7.78_240.1095m/z,93810.60661,94564.34785,93468.06236
9.95_700.4157n,132161.1171,132208.2595,132570.79
9.49_529.8194n,149494.6536,146994.3923,148982.1788
6.55_1072.4510m/z,149299.2828,151329.5766,149775.9988
9.82_846.4983m/z,138478.4927,137668.1461,137106.9438
11.82_398.2442n,92064.59442,92719.54463,93174.07983
1.74_707.2219m/z,161600.5167,162564.5857,163725.5308
6.11_997.3664m/z,42806.12358,43468.63065,43204.70888
6.02_939.2060m/z,61679.70796,61522.10218,60975.01259
9.64_680.3936m/z,158943.6347,158415.9125,159997.873
9.71_735.4300m/z,154750.9629,155264.0885,154556.5514
6.29_477.3146m/z,166489.1377,169049.4102,167485.6148
5.89_623.0075m/z,122464.9463,121601.0004,120389.9174
10.03_826.4923m/z,151303.9595,148847.5612,150324.4421
10.19_752.4539m/z,157700.8522,157506.3164,157010.6681
9.25_587.3666n,176848.7521,178803.797,177102.1255
19.44_943.9903m/z,100452.1553,103051.1427,103572.7113
8.76_615.3636n,189970.2059,189943.3565,190228.9729
10.07_780.4486n,165947.3827,165538.1363,163901.8711
5.91_555.0202m/z,143028.3846,143570.5707,141599.4019
5.95_815.1006m/z,114691.708,113726.5212,112645.1502
11.75_235.1846m/z,3416.93706,3556.19148,3202.720906
9.75_678.4016n,206540.5535,205440.7014,206231.6763
9.83_722.4260n,214182.7765,214050.046,214637.3004
10.09_840.4959n,200146.3077,199745.7008,196207.0966
16.20_101.0964m/z,141138.1834,142703.2226,142756.6456
6.09_781.2497m/z,76757.53468,76616.4735,76903.19502
2.21_130.0505m/z,168748.5578,169013.9399,170075.3948
9.88_748.4378n,219387.38,220827.4086,218700.567
11.84_498.9011m/z,136501.485,138877.8574,137992.3295
4.69_254.0941n,258060.7109,257028.2516,258064.0289
5.90_487.0329m/z,194145.5342,194142.7438,192633.793
11.70_278.1534n,50960.65715,50922.09077,50470.48036
9.90_766.4447n,244593.3397,246046.9288,242682.7416
0.86_324.1066n,158327.2773,160543.9527,162007.4807
8.82_218.0798n,3829.187418,3953.947624,3772.541271
9.67_634.3735n,245270.3284,244910.5691,245280.4247
5.97_747.1135m/z,169243.6764,168505.2162,167794.2079
16.09_175.1450m/z,1907.501534,2127.832302,2156.563069
7.42_321.1325m/z,133826.3195,133988.1578,132562.2851
5.83_226.9522m/z,278858.619,278928.3377,278629.548
1.60_707.2219m/z,348351.8064,339204.8595,343889.1447
2.95_115.0637n,64655.61021,64240.99822,64753.70307
10.13_117.0805n,28725.25088,28467.30807,27967.13511
1.78_150.0899n,94539.96488,94355.16095,93229.24506
11.02_430.9138m/z,200527.1928,202343.465,202205.9036
6.97_991.3586m/z,277784.5553,281587.7828,280317.9372
9.58_590.3523n,291020.9849,291203.1432,292583.4289
6.07_803.2318m/z,140310.1624,139706.5909,139086.0145
18.97_121.0508m/z,248955.7436,254313.2251,251407.6815
3.85_943.9907m/z,211148.5083,210650.012,208139.1688
7.58_959.9651m/z,220351.6321,225044.6307,218245.7003
19.50_342.1161n,392507.5569,378903.8901,375722.6254
6.10_759.2683m/z,116918.5536,117314.4758,117428.0085
7.07_315.0189m/z,333971.6861,334985.7159,332715.2458
5.29_96.0581n,49664.35757,49604.6242,50335.54158
4.57_194.1161n,242861.4639,241993.7691,242640.1117
5.99_679.1265m/z,315450.8844,313214.1782,311747.603
9.49_541.3113n,435664.1749,428804.1116,433395.3962
5.90_419.0458m/z,465699.0202,464148.8437,461205.0266
13.16_382.3798m/z,350883.1698,346896.4089,346356.3516
6.01_611.1392m/z,381067.0221,378721.4974,376123.5487
9.13_684.2812n,270989.432,268265.3748,268263.7016
6.08_521.1700m/z,412106.6334,409454.1892,407436.2545
9.35_502.3010n,648067.0656,645615.2786,647519.2922
5.88_351.0585m/z,744212.5765,741993.5141,740002.7772
6.99_753.2606m/z,720521.893,729631.6517,727469.7665
8.17_326.1957n,532030.6717,524541.5062,521497.444
13.16_337.3352n,555659.6039,552228.6698,553576.3244
7.01_515.1618m/z,933467.0285,944290.8251,939636.1208
9.19_458.2747n,893695.8204,895754.3502,895105.0135
8.70_370.2224n,825739.2217,823635.6336,822411.8931
6.04_543.1522m/z,576369.4713,573419.658,569093.7703
8.99_414.2486n,922967.2439,920764.1701,932285.3382
11.07_104.1078m/z,762346.5873,753065.7001,740254.7302
2.20_148.0613m/z,1495344.405,1505891.633,1496764.493
2.64_99.0691n,1257846.156,1243689.831,1245578.891
6.55_953.4036m/z,1584493.479,1594106.823,1587353.934
0.86_342.1169n,962746.6805,977149.5933,984317.8848
2.54_365.1068m/z,1516789.193,1566551.289,1569134.399
1.88_365.1069m/z,1927004.072,1907884.05,1926284.503
7.07_277.0631m/z,1456575.801,1465103.777,1457094.067
6.15_975.3860m/z,2135237.821,2140124.018,2139763.48
6.12_737.2869m/z,1696006.749,1697220.289,1699105.618
6.50_715.3050m/z,3556725.444,3565073.182,3562381.901
6.10_499.1882m/z,1644111.866,1638763.654,1636969.009
6.30_477.2059m/z,10151830.87,10185398.6,10159686.61
5.99_260.0823n,9058246.16,9006149.015,8996954.292
6.34_239.1072m/z,12960458.18,12962706.39,12909292.15
